Epitope ID,Object Type,Description,Starting Position,Ending Position,Non-peptidic epitope ChEBI ID,Epitope Synonyms,Antigen Name,Antigen ID,Organism Name,Organism ID,Epitope Comments
"7643","Linear peptide","DASLPPRTWNGFLAP","244","258","","","43 kDa secreted glycoprotein precursor","AAC49253.2","Paracoccidioides brasiliensis","121759",""
"8119","Linear peptide","DEPAGE","695","700","","","heat shock protein 90","CAA56931.1","Candida albicans","5476",""
"9816","Linear peptide","DPYNCDWDPYHEKYDWDLWNKWCN","375","398","","","adhesin WI-1","XP_002621798.1","Ajellomyces dermatitidis ATCC 60636","10000828",""
"16311","Linear peptide","FITDD","346","350","","","heat shock protein 90","CAA56931.1","Candida albicans","5476",""
"20176","Linear peptide","GHRGAINWQKGDTIK","166","180","","","43 kDa secreted glycoprotein precursor","AAC49253.2","Paracoccidioides brasiliensis","121759",""
"25651","Linear peptide","IDQHVKLACSLPH","283","295","","","43 kDa secreted glycoprotein precursor","AAC49253.2","Paracoccidioides brasiliensis B339","10000566",""
"25652","Linear peptide","IDQHVKLACSLPHGRL","283","298","","","immunodominant antigen Gp43","AAG36673.1","Paracoccidioides brasiliensis","121759",""
"26238","Linear peptide","IGGWLLLEPWISPSV","45","59","","","43 kDa secreted glycoprotein precursor","AAC49253.2","Paracoccidioides brasiliensis B339","10000566",""
"26890","Linear peptide","IKQTLIAIHTLAIRYANRTDV","179","199","","","43 kDa secreted glycoprotein precursor","AAC49253.2","Paracoccidioides brasiliensis","121759",""
"27507","Linear peptide","IMKAQ","589","593","","","heat shock protein 90","CAA56931.1","Candida albicans","5476",""
"30370","Linear peptide","KEFED","511","515","","","heat shock protein 90","CAA56931.1","Candida albicans","5476",""
"33082","Linear peptide","KQTLIAIHTLAIRYA","180","194","","","43 kDa secreted glycoprotein precursor","AAC49253.2","Paracoccidioides brasiliensis B339","10000566",""
"33860","Linear peptide","KTSKRQAVPVTL","52","63","","","secreted aspartic proteinase 2","AAM21050.1","Candida albicans","5476",""
"33927","Linear peptide","KTYKNVYIDTYHN","259","271","","","immunodominant antigen Gp43","AAG36673.1","Paracoccidioides brasiliensis","121759",""
"36457","Linear peptide","LIAIHTLAIRYANRT","183","197","","","43 kDa secreted glycoprotein precursor","AAC49253.2","Paracoccidioides brasiliensis","121759",""
"37055","Linear peptide","LKVIRK","386","391","","","heat shock protein 90","CAA56931.1","Candida albicans","5476",""
"38232","Linear peptide","LNHVRIPIGYWAVNP","106","120","","","43 kDa secreted glycoprotein precursor","AAC49253.2","Paracoccidioides brasiliensis B339","10000566",""
"39626","Linear peptide","LSREM","375","379","","","heat shock protein 90","CAA56931.1","Candida albicans","5476",""
"52557","Linear peptide","QTLIAIHTLAIRYAN","181","195","","","43 kDa secreted glycoprotein precursor","AAC49253.2","Paracoccidioides brasiliensis B339","10000566",""
"58840","Linear peptide","SKGSSSELSAQQKK","347","360","","","43 kDa secreted glycoprotein precursor","AAC49253.2","Paracoccidioides brasiliensis","121759",""
"59016","Linear peptide","SLAQVKYTSASSI","382","394","","","secreted aspartic proteinase 2","AAM21050.1","Candida albicans","5476",""
"62845","Linear peptide","TAFSKN","416","421","","","heat shock protein 90","CAA56931.1","Candida albicans","5476",""
"63314","Linear peptide","TEDDFKNIAAAGLNH","94","108","","","43 kDa secreted glycoprotein precursor","AAC49253.2","Paracoccidioides brasiliensis B339","10000566",""
"63315","Linear peptide","TEDDFKNIAAAGLNHV","94","109","","","immunodominant antigen Gp43","AAG36673.1","Paracoccidioides brasiliensis","121759",""
"65262","Linear peptide","TMSSY","599","603","","","heat shock protein 90","CAA56931.1","Candida albicans","5476",""
"69344","Linear peptide","VKYTS","386","390","","","secreted aspartic proteinase 2","AAM21050.1","Candida albicans","5476",""
"70149","Linear peptide","VNPIEGEPYVQGQLD","118","132","","","43 kDa secreted glycoprotein precursor","AAC49253.2","Paracoccidioides brasiliensis","121759",""
"72895","Linear peptide","WNLWFKWCSGHGR","160","172","","","adhesin WI-1","XP_002621798.1","Ajellomyces dermatitidis ATCC 60636","10000828","Author deduced epitope"
"76485","Linear peptide","YYALDVYAYDVT","221","232","","","pH-regulated antigen PRA1 precursor","P87020.1","Candida albicans","5476",""
"119457","Linear peptide","GLELPE","540","545","","","Heat shock protein HSP 90-beta","P08238.4","Homo sapiens","9606",""
"119473","Linear peptide","KILKVIRK","399","406","","","Heat shock protein HSP 90-beta","P08238.4","Homo sapiens","9606",""
"119475","Linear peptide","KKIK","270","273","","","Heat shock protein HSP 90-beta","P08238.4","Homo sapiens","9606",""
"119478","Linear peptide","KNDK","646","649","","","Heat shock protein HSP 90-beta","P08238.4","Homo sapiens","9606",""
"119484","Linear peptide","LDKK","571","574","","","Heat shock protein HSP 90-beta","P08238.4","Homo sapiens","9606",""
"119502","Linear peptide","NNLGTI","100","105","","","Heat shock protein HSP 90-beta","P08238.4","Homo sapiens","9606",""
"119505","Linear peptide","NSTMGY","614","619","","","Heat shock protein HSP 90-beta","P08238.4","Homo sapiens","9606",""
"119508","Linear peptide","QFIGYPI","207","213","","","Heat shock protein HSP 90-beta","P08238.4","Homo sapiens","9606",""
"119546","Linear peptide","WTAN","598","601","","","Heat shock protein HSP 90-beta","P08238.4","Homo sapiens","9606",""
"167340","Linear peptide","NANEAHSSLLNNALSI","","","","","","","","",""
